<!-- <beans:beans xmlns="http://www.springframework.org/schema/security"
    xmlns:beans="http://www.springframework.org/schema/beans"
    xmlns:xsi="http://www.w3.org/2001/XMLSchema-instance"
    xsi:schemaLocation="http://www.springframework.org/schema/beans
    http://www.springframework.org/schema/beans/spring-beans.xsd
    http://www.springframework.org/schema/security
    http://www.springframework.org/schema/security/spring-security.xsd">
		<http auto-config="true">
		<intercept-url pattern="/" access="permitAll"/>
		<intercept-url pattern="/admin**" access="hasRole('ADMIN')"/>
		<intercept-url pattern="/user**" access="hasRole('USER')"/>
		<intercept-url pattern="/hr**" access="hasRole('HR') and hasRole('ADMIN')"/>
		</http>
		<authentication-manager>
		  <authentication-provider>
		    <user-service>
		     <user name="user" password="user123" authorities="ROLE_USER"></user>
		     <user name="admin" password="admin123" authorities="ROLE_ADMIN"></user>
		     <user name="hr" password="hr123" authorities="ROLE_ADMIN, ROLE_HR"></user>
		    </user-service>		
		  </authentication-provider>		
		</authentication-manager>
</beans:beans> -->